title,url,thumbnail_url,channel,description
CFP National Championship: Georgia Bulldogs vs. Alabama Crimson Tide | Full Game Highlights,https://www.youtube.com/watch?v=P2Li7mjadIA,https://i.ytimg.com/vi/P2Li7mjadIA/hqdefault.jpg?sqp=-oaymwEcCPYBEIoBSFXyq4qpAw4IARUAAIhCGAFwAcABBg==&rs=AOn4CLCpB3cLoEcApg7I4Urswm9SM88p0w,ESPN College Football,"The Georgia Bulldogs defeated the Alabama Crimson Tide, 33-18 in the CFP National Championship. Stetson Bennett threw for 224 YDS & 2 TD's with Brock Bowers being on the receiving end for one..."
NBA YOUNGBOY x DABABY - BESTIE/HIT (AUDIO),https://www.youtube.com/watch?v=qcL7yu1wXxA,https://i.ytimg.com/vi/qcL7yu1wXxA/hqdefault.jpg?sqp=-oaymwEcCPYBEIoBSFXyq4qpAw4IARUAAIhCGAFwAcABBg==&rs=AOn4CLAh4T60a0ktTRsnmu9g0HgLkMeHZQ,DaBaby,
*IM BACK* Murder In God's Plan? A Fatal Attraction Or Abuse Of Power? Mystery & Makeup Bailey Sarian,https://www.youtube.com/watch?v=aN5zrInczus,https://i.ytimg.com/vi/aN5zrInczus/hqdefault.jpg?sqp=-oaymwEcCPYBEIoBSFXyq4qpAw4IARUAAIhCGAFwAcABBg==&rs=AOn4CLCkoSfZ53l3DCECAGfwiQpP99uZrw,Bailey Sarian,"Hi friends! Happy 2022! Hope you are having a wonderful a fantastic new year so far, lol. I missed you. Thank you for letting me take a break for the holidays, and I am so happy to be back...."
Muni Long - Hrs And Hrs (Official Video),https://www.youtube.com/watch?v=okfR_VIbXEQ,https://i.ytimg.com/vi/okfR_VIbXEQ/hqdefault.jpg?sqp=-oaymwEcCPYBEIoBSFXyq4qpAw4IARUAAIhCGAFwAcABBg==&rs=AOn4CLCxHFc8oaUCUizoxada_aIkwpv8mQ,Muni Long,#MuniLong #PDA #HrsandHrs Stream Public Displays Of Affection: https://beacons.page/munilong Follow Muni Long ‚ñ∫Instagram: http://instagram.com/munilong ‚ñ∫Twitter: http://twitter.com/munilong...
Most Expensive iPhone!,https://www.youtube.com/watch?v=qK_qK_UKu-Q,,Beast Reacts,"Starting at a $10,000 Xbox and going over $100,000,000 technology of the future! CHECK OUT THESE CHANNELS OR ELSE Marques Brownlee https://www.youtube.com/watch?v=JnGXTk57rOU https://www.youtube.c..."
The Bob's Burgers Movie | Official Trailer | 20th Century Studios,https://www.youtube.com/watch?v=hldGGWN9HcI,,20th Century Studios,"Watch the new trailer for #BobsBurgersMovie, only in theaters May 27. ‚ÄúThe Bob‚Äôs Burgers Movie‚Äù is an animated, big-screen, musical comedy-mystery-adventure based on the long-running..."
Stephen Curry Responds to Fans on the Internet | Actually Me | GQ Sports,https://www.youtube.com/watch?v=OuOkS2tm89k,,GQ Sports,"On this episode of Actually Me, Stephen Curry goes undercover on the Internet and responds to real comments from fans on Twitter, Instagram, Quora, Wikipedia, Reddit, YouTube and TikTok. Is..."
Why Would the US Army Purchase Russian Helicopters? #shorts,https://www.youtube.com/shorts/WV2p4OjIsyQ,,Not What You Think,Was the Russian Mi-17 so advanced that the US Army decided to buy 10s of them over the past decade? It's #NotWhatYouThink #NWYT #shorts Music: Choose Your Outfit - Colors of Illusion Footage:...
"Ten years ago, I predicted 2022. Did I get it right?",https://www.youtube.com/watch?v=NYj3DnI81AQ,,Tom Scott,"Predicting the future is a fool's errand, but I tried it: talking about phones, lifelogging, and social changes. And on top of that: what do I think's coming in 2032? ‚ñ† Full original talk:..."
WARM UP // Episode 4 Cinematic - VALORANT,https://www.youtube.com/watch?v=OyLHi34Qzv4,,VALORANT,Downtime works a little differently when you‚Äôre at VALORANT HQ. Take a peek inside the training room and join us as we warm up for Episode 4: Disruption. Created in partnership with Blur...
Bel-Air | Official Trailer,https://www.youtube.com/watch?v=rQ1uG91Bbls,,Will Smith,"3 years ago, my guy Morgan Cooper uploaded his fan trailer to YouTube, showing how he envisioned the Fresh Prince as a drama. Now, here is the first full look at his retelling of the story..."
Da Vinci Code: Last Week Tonight with John Oliver (Web Exclusive),https://www.youtube.com/watch?v=xX5IV9n223M,,LastWeekTonight,"John Oliver discusses The Da Vinci Code: the book, the film, and, for some reason, the cultural phenomenon. Connect with Last Week Tonight online... Subscribe to the Last Week Tonight YouTube..."
I Taught My Ford Raptor to Fly,https://www.youtube.com/watch?v=kwgi_lVNQ70,,Westen Champlin,I Taught My Ford Raptor to Fly ADD ME ON Instagram: https://www.instagram.com/westengw Facebook: https://www.facebook.com/westengw
Brock Lesnar TRASHES Bobby Lashley | WWE Raw Highlights 1/10/22 | WWE on USA,https://www.youtube.com/watch?v=NdX2jCUlucI,,WWE on USA,"Brock Lesnar and Bobby Lashley meet in the ring, where Brock calls Bobby a ""Brock Lesnar wannabe"" before The Hurt Business attempts to take Bobby out. WWE Raw Highlights 1/10/22. Watch WWE..."
HE PROPOSED! AND FILMED IT!,https://www.youtube.com/watch?v=6shwv79yAoA,,Jaclyn Hill,SUBSCRIBE! http://goo.gl/3Awmn8 SHOP MY COSMETICS BRAND HERE! https://jaclyncosmetics.com SHOP MY JEWELRY BRAND! https://jaclynroxanne.com MY MARKETPLACE! https://iminit.com SHOP MY PALETTES...
Why are Americans choosing to quit their jobs in record numbers?,https://www.youtube.com/watch?v=brw-jN9b-Sg,,60 Minutes, The United States is seeing its highest ‚Äúquit rate‚Äù since the government started keeping track two decades ago. Bill Whitaker speaks with employers who are scrambling to find help and...
Pok√©mon Legends: Arceus - A World of Adventure Awaits in Hisui - Nintendo Switch,https://www.youtube.com/watch?v=ruORJogFcOY,,Nintendo,"Get ready for a new kind of grand, Pok√©mon adventure in Pok√©mon‚Ñ¢ Legends: Arceus, a brand-new game from Game Freak that blends action and exploration with the RPG roots of the Pok√©mon..."
jackass forever | Final Trailer (2022 Movie),https://www.youtube.com/watch?v=p74bzf-beGc,,Paramount Pictures,the wait is over. it's finally time to grab your friends and laugh your asses off. watch the final trailer for #jackassforever - only in theatres february 4. Celebrating the joy of being back...
Kanye West - Heaven and Hell,https://www.youtube.com/watch?v=XKWcAsT8Sqc,,Kanye West,https://kanyewest.lnk.to/DONDA
Minecraft's Funniest YouTuber Hunger Games...,https://www.youtube.com/watch?v=OCSfKNhe-FU,,TommyInnit,"Today TommyInnit, Wilbur Soot, Ant Venom & more take part in Minecraft's Largest YouTuber Hunger Games! This was insane! Leave a like if you want more of these videos! Socials: Follow my..."
"Bob Saget On His Infamous ""Half Baked"" Cameo | Late Night with Conan O‚ÄôBrien",https://www.youtube.com/watch?v=p_SKzkgXewc,,Team Coco,"(Original airdate: 01/04/05) Bob Saget talks about getting pranked by his daughter, hanging out with John Stamos, and his ‚ÄúHalf Baked‚Äù cameo. Subscribe to watch more Team Coco videos..."
I did a mistake..,https://www.youtube.com/shorts/rw4X89OJaEw,,Christian Wedoy,
"Toddlers found alone and tied up in San Antonio home, officials say",https://www.youtube.com/watch?v=dR7hN3Mm9pg,,KENS 5: Your San Antonio News Source,A CPS spokesperson said a joint law enforcement investigation is underway after a report that toddlers were found alone and tied up at a home. Full story: https://www.kens5.com/article/news/loca...
THE MOST ATTRACTIVE MILITARY BRANCH!! #SHORTS,https://www.youtube.com/shorts/aSSLKSJxz-Y,,Nikko Ortiz,Do you know anyone in the military branches? What would you say is the most attractive branch!? CHECK OUT MY OTHER SOCIAL MEDIA‚ÄôS: TIKTOK: https://vm.tiktok.com/ZMJCBLC3J/ INSTAGRAM: https://ww...
Invisible Glass Science Experiment,https://www.youtube.com/shorts/Lzjg3iU6EPQ,,DrewHacks,#shorts More DrewHacks: http://andrew.tv
ENHYPEN (ÏóîÌïòÏù¥Ìîà) 'Blessed-Cursed' Official MV,https://www.youtube.com/watch?v=osmHArcf_aE,,HYBE LABELS,"ENHYPEN (ÏóîÌïòÏù¥Ìîà) 'Blessed-Cursed' Official MV Credits: Director: Yong Seok Choi (Lumpens) Co-Director & Edit: Jihye Yoon (Lumpens) AD: Ran Ro (Lumpens) PA: Yebin Ko, Sung Yong Kim Director..."
What Happen To Landon McBroom?!?,https://www.youtube.com/watch?v=F7R3NCD3EoY,,Landon McBroom,I LOVE YOU ALL. THANKS FOR WATCHING. INSTAGRAM: https://www.instagram.com/landonmcbroom_/
MEET THE BABIES,https://www.youtube.com/watch?v=QTPbFDPDUlY,,Miranda Sings,Check Out My Merch! - https://fanjoy.co/collections/miranda-sings Come see me on tour! - http://mirandasings.com/default.html Follow me on all the things! TIK TOK - https://www.tiktok.com/@mirand...
I Started A Drink Company With KSI,https://www.youtube.com/watch?v=hmXTBjM0is4,,Logan Paul,"After years of heated rivalry, we‚Äôre humbled & honored to bring you Prime Hydration. Follow @DrinkPrime on Instagram ‚ñ∫ https://www.instagram.com/drinkprime/ SUBSCRIBE FOR DAILY VLOGS! ‚ñ∫..."
"Alesso, Katy Perry - When I'm Gone (Official Music Video)",https://www.youtube.com/watch?v=N-4YMlihRf4,,Katy Perry,"Alesso & Katy Perry - When I'm Gone (Official Music Video) Download/Stream ""When I'm Gone"" ‚ñ∂ https://Alesso.lnk.to/WhenImGone Use ""When I'm Gone"" on TikTok ‚ñ∂ https://www.tiktok.com/music/When-I..."
NBA YoungBoy - Foolish Figure,https://www.youtube.com/watch?v=ERZJm1Bv6d8,,YoungBoy Never Broke Again,I say what I want I go where I want fuck these niggas I ain‚Äôt gone say too much love y‚Äôall
Playing Disgusting Minecraft Knockoffs #shorts,https://www.youtube.com/shorts/LjBKJjAxDmo,,Mighty Muffin,Today we are trying a really bad free version of Minecraft. Just buy the game instead of playing this! Join us LIVE and PLAY some Games! https://www.twitch.tv/itsmightymuffin Join our discord...
Parenting in the Metaverse,https://www.youtube.com/shorts/1G80d_9IGJE,,Rich Black Guy,How parenting will be done in Virtual Reality.
THE NASTIEST 1-HAND CATCH I‚ÄôVE EVER SEEN! (SNOW 1ON1‚Äôs W/ NFL PLAYERS),https://www.youtube.com/watch?v=qbiowCQG_8I,,Deestroying,"During 1on1‚Äôs in Green Bay, packers players showed up. Their QB threw some dimes, insane catches were made and even a fight broke out! Follow Kurt : Tik Tok - https://vm.tiktok.com/TTPdMXRmLn/..."
Power Book IV: Force | Official Trailer | STARZ,https://www.youtube.com/watch?v=Ivdy4VzQY_U,,STARZ,"This is his town now. Tommy's taking Chicago by storm in #PowerForce, premiering February 6 on @STARZ. #PowerNeverEnds #PowerTV Subscribe to the STARZ YouTube Channel for more Power: http://bit.l..."
OMG What is he doing? üò± #shorts Best video by GuzNurik,https://www.youtube.com/shorts/OO3e6j1UELM,,GuzNurik,Thank you for watching For Short Funny videos with Guzaliya and Ilnur Follow us on https://vm.tiktok.com/ZSJxtVfrv/ #shorts #GuzNurik #youtubeshorts
Roma vs. Juventus: Extended Highlights | Serie A | CBS Sports Golazo,https://www.youtube.com/watch?v=0USvpVKMU6Q,,CBS Sports Golazo,Two of the giants of Italian soccer square off as Jose Mourinho‚Äôs Roma faces Allegri‚Äôs Juventus in a classic battle for European qualification. Stream Serie A and more Italian club soccer...
Sister Prank Wars *if they were set up* Skit,https://www.youtube.com/shorts/7MHat8QrxY8,,We Wear Cute,
Attack on Titan The Final Season Part 2 OpeningÔΩúThe Rumbling - SiM,https://www.youtube.com/watch?v=2S4qGKmzBJE,,„ÅΩ„Å´„Åç„ÇÉ„Çì-Anime PONY CANYON,Attack on Titan Final Season Part 2 Confirmed to Air from January 9th (JST) üé∂Opening Theme SiM „ÄåThe Rumbling„Äç Words: MAH Music & Arrangement: SiM üéßTV size Streaming https://lnk.to/theru...
JJ Redick Reacts To Klay Thompson's Return To The Golden State Warriors (YouTube Exclusive),https://www.youtube.com/watch?v=pmTIoKN8Suc,,JJ Redick,"JJ Redick gives a full breakdown of Klay Thompson's return to The Golden State Warriors. There were plenty of highlights to react to but JJ starts by giving his initial thoughts to Klay's game,..."
Responding to your questions about our breakup,https://www.youtube.com/watch?v=4Q7wBO3GVvA,,OKbaby,
Manchester United v Aston Villa | Key Moments | Third Round | Emirates FA Cup 2021-22,https://www.youtube.com/watch?v=wafsAZrQhuA,,The Emirates FA Cup,Key moments from Manchester United's third round tie with Aston Villa in the Emirates FA Cup. Follow @EmiratesFACup on Twitter for in-game highlights and match updates! https://twitter.com/emirate...
Raiders Are Playoff Bound! Postgame Pressers - 1.9.22 | Week 18 vs. Chargers | NFL,https://www.youtube.com/watch?v=XRL-wx6kPlQ,,Raiders,"Interim Head Coach Rich Bisaccia, QB Derek Carr, DE Maxx Crosby, WR Hunter Renfrow, K Daniel Carlson and RB Josh Jacobs address the media following the Week 18 victory over the Chargers. Visit..."
Game Theory: The SECRET Game You Didn't Find...(Inscryption),https://www.youtube.com/watch?v=dT6odjCnKqg,,The Game Theorists,"SUBSCRIBE to Never Miss A Theory! ‚ñ∫ https://goo.gl/kQWHkJ In my last episode on Inscryption, we covered the main game... and the game within that game. Well today we are going to..."
Glamrock Bonnie returns - SFM FNAF Security Breach,https://www.youtube.com/watch?v=bfhTFN6JGiw,,Bertbert,Make sure to leave a RATE of the video and SUBSCRIBE if you haven't already done it to keep up with new videos. Thank You for the support! *Social Media* DeviantArt: https://www.deviantart.com/ber...
Hotter Than You Gumball Challenge | 2M Scoville,https://www.youtube.com/shorts/yt3_VXpWIwU,,spicyycam_,#short #shorts
THIS WAS SO SCARY IT MADE ME CRY,https://www.youtube.com/watch?v=m7xvUwGUqt0,,jacksepticeye,Well here's a new fear that I never knew I had Twitter : https://twitter.com/Jacksepticeye Instagram : http://instagram.com/jacksepticeye Edited By: https://www.youtube.com/channel/UCHsjBlPYou_k7...
Super Personal ... Q&A,https://www.youtube.com/watch?v=AeisL5pPBJM,,Tati,Opening up today on some of your more personal questions. xo's Tati üòá CHECK OUT HALO BEAUTY ü•ù‚ú® https://HaloBeauty.com ‚ñ∏ WATCH NEXT: ‚ù§Ô∏è My Previous Q&A Video: https://youtu.be/MjQ...
MY NEW SETUP!,https://www.youtube.com/watch?v=yM7miNm0zIE,,MM7Games,"What do you think of the new room? My twitter: https://goo.gl/ugsA1Y Main Channel: https://www.youtube.com/miniminter IF YOU HAVE AN IDEA FOR A VIDEO, LET ME KNOW HERE: https://docs.google.com/f..."
Mini Golf but it's only Plinko,https://www.youtube.com/watch?v=3IHRQXPVHN4,,SMii7Y,Why do we do this to ourselves? Leave a like and Subscribe if you enjoyed! Thanks =) Subscribe! - http://bitly.com/SubscribeToSMii7YHere Check out my other channels! SMii7Y‚ûï https://www.youtube...
it is my birthday,https://www.youtube.com/watch?v=7Akns95gPPE,,Markiplier,LISTEN RIGHT NOW ‚ñ∫‚ñ∫ https://open.spotify.com/show/2X40qLyoj1wQ2qE5FVpA7x?si=QHTwBC7jRSC-p9NvjaQq1Q
NBA Youngboy - Fish Scale,https://www.youtube.com/watch?v=jR4AG5LdKYE,,YoungBoy Never Broke Again,YoungBoy Never Broke Again ‚Äì new tape less than 2 weeks
"We Don't Talk About Bruno (From ""Encanto"")",https://www.youtube.com/watch?v=bvWRMAU6V-c,,DisneyMusicVEVO,"See Disney‚Äôs Encanto now streaming on Disney+ üïØÔ∏è‚ú®ü¶ã Walt Disney Animation Studios‚Äô ‚ÄúEncanto‚Äù tells the tale of an extraordinary family, the Madrigals, who live hidden in the..."
How to Make Adventure Time Sandwich,https://www.youtube.com/shorts/-VuPUG6qhkM,,GoldenGully,"I think he forgot to use the carrot :( #shorts RECIPES on my Discord: https://discord.com/invite/goldengully/ TikTok: @GoldenGully https://www.tiktok.com/@goldengully? Join me on Twitch,..."
"Jessica Darrow - Surface Pressure (From ""Encanto""/Sing-Along)",https://www.youtube.com/watch?v=X-NH1uUfr0U,,DisneyMusicVEVO,"Bring Home the Magic of Encanto Now on Digital and 4K Ultra HD‚Ñ¢, Blu-ray‚Ñ¢ and DVD February 8. Also streaming now on Disney+ üïØÔ∏è‚ú®ü¶ã Includes All-New Animated Short, Far From The..."
Is the Babish Knife Worth the Hype üî™ #shorts,https://www.youtube.com/shorts/toMWWu2G-1Y,,Vlad SlickBartender,I promised to test a Chef‚Äôs knife from Popular creator Binging With Babish Andrew Rea It‚Äôs a 7.5 inches stainless steel CLEF KNIFE Chef's knife + Cleaver = Clef It's an extremely sharp...
"Game Theory: FNAF, Don't Trust Gregory (FNAF Security Breach)",https://www.youtube.com/watch?v=8ANfAt4hJ6Y,,The Game Theorists,"SUBSCRIBE to NEVER miss a Theory! ‚ñ∫ https://goo.gl/kQWHkJ Theorists, it's finally time for a Five Nights At Freddy's Security Breach theory. Well, a post-release FNAF Security Breach..."
The Weeknd - Sacrifice (Official Music Video),https://www.youtube.com/watch?v=VafTMsrnSTU,,The Weeknd,"*****EPILEPSY WARNING ******** *****EPILEPSY WARNING ******** *****EPILEPSY WARNING ******** Official music video for The Weeknd ‚ÄúSacrifice‚Äù. Available now, on ‚ÄòDawn FM‚Äô: http://theweeknd...."
Minecraft's Funniest YouTuber Hunger Games...,https://www.youtube.com/watch?v=OCSfKNhe-FU,,TommyInnit,"Today TommyInnit, Wilbur Soot, Ant Venom & more take part in Minecraft's Largest YouTuber Hunger Games! This was insane! Leave a like if you want more of these videos! Socials: Follow my..."
Medical school did NOT teach me this! #shorts,https://www.youtube.com/shorts/__kb2es_moQ,,Dr Karan,
Da Vinci Code: Last Week Tonight with John Oliver (Web Exclusive),https://www.youtube.com/watch?v=xX5IV9n223M,,LastWeekTonight,"John Oliver discusses The Da Vinci Code: the book, the film, and, for some reason, the cultural phenomenon. Connect with Last Week Tonight online... Subscribe to the Last Week Tonight YouTube..."
*IM BACK* Murder In God's Plan? A Fatal Attraction Or Abuse Of Power? Mystery & Makeup Bailey Sarian,https://www.youtube.com/watch?v=aN5zrInczus,,Bailey Sarian,"Hi friends! Happy 2022! Hope you are having a wonderful a fantastic new year so far, lol. I missed you. Thank you for letting me take a break for the holidays, and I am so happy to be back...."
OMG What is he doing? üò± #shorts Best video by GuzNurik,https://www.youtube.com/shorts/OO3e6j1UELM,,GuzNurik,Thank you for watching For Short Funny videos with Guzaliya and Ilnur Follow us on https://vm.tiktok.com/ZSJxtVfrv/ #shorts #GuzNurik #youtubeshorts
Why are Americans choosing to quit their jobs in record numbers?,https://www.youtube.com/watch?v=brw-jN9b-Sg,,60 Minutes, The United States is seeing its highest ‚Äúquit rate‚Äù since the government started keeping track two decades ago. Bill Whitaker speaks with employers who are scrambling to find help and...
Gucci Mane - Fake Friends [Official Video],https://www.youtube.com/watch?v=l6Q-Trf5pN4,,Gucci Mane,Gucci Mane - Fake Friends Subscribe for more official content from Gucci Mane: https://Atlantic.lnk.to/GMsubscribe Follow Gucci Mane Website: https://guccimane.lnk.to/OfficialWebsite Twitter:...
I Started A Drink Company With KSI,https://www.youtube.com/watch?v=hmXTBjM0is4,,Logan Paul,"After years of heated rivalry, we‚Äôre humbled & honored to bring you Prime Hydration. Follow @DrinkPrime on Instagram ‚ñ∫ https://www.instagram.com/drinkprime/ SUBSCRIBE FOR DAILY VLOGS! ‚ñ∫..."
Invisible Glass Science Experiment,https://www.youtube.com/shorts/Lzjg3iU6EPQ,,DrewHacks,#shorts More DrewHacks: http://andrew.tv
"The Call | Season 2022 Cinematic - League of Legends (ft. 2WEI, Louis Leibfried, and Edda Hayes)",https://www.youtube.com/watch?v=mDYqT0_9VR4,,League of Legends,For the fallen. For the deserted. For the downtrodden. And for those who will rise again. Season 2022 is here. How will you answer the Call? Video created in partnership with Unit Image...
NBA YOUNGBOY x DABABY - BESTIE/HIT (AUDIO),https://www.youtube.com/watch?v=qcL7yu1wXxA,,DaBaby,
A CRAZY COP ARRESTED ME üò∞üò± #shorts,https://www.youtube.com/shorts/bKOEVeF6W4g,,Nathan Davis Jr,
I Busted 64 Myths in Fortnite!,https://www.youtube.com/watch?v=316tDHhLN_c,,Melt,"I busted 64 of the craziest myths in the new Fortnite Chapter 3, yes I actually did 64 so make sure you watch until the end so you don't miss any of the myths! SUBSCRIBE OR I'LL TAKE YOUR..."
Attack on Titan The Final Season Part 2 OpeningÔΩúThe Rumbling - SiM,https://www.youtube.com/watch?v=2S4qGKmzBJE,,„ÅΩ„Å´„Åç„ÇÉ„Çì-Anime PONY CANYON,Attack on Titan Final Season Part 2 Confirmed to Air from January 9th (JST) üé∂Opening Theme SiM „ÄåThe Rumbling„Äç Words: MAH Music & Arrangement: SiM üéßTV size Streaming https://lnk.to/theru...
This VR game went OFF THE RAILS üòÇ | #shorts,https://www.youtube.com/shorts/XGuW5UKSIcY,,SportsNation,This VR game went OFF THE RAILS üòÇ | #shorts (via @cfndann/IG) #ESPN ‚úîÔ∏èSubscribe to ESPN+ http://espnplus.com/youtube ‚úîÔ∏è Get the ESPN App: http://www.espn.com/espn/apps/espn ‚úîÔ∏èSubs...
My Childhood Fears,https://www.youtube.com/watch?v=Mgo7fNVihqI,,Let Me Explain Studios,I was afraid of very strange things as a kid. Let's talk about fear and how it affects us as children. STORE: https://creatorink.com/collections/let-me-explain-studios-by-rebecca-parham ARTISTS:...
Film Theory: Spiderman Saved NO ONE (3 Spiderman No Way Home Theories),https://www.youtube.com/watch?v=IHZII4u57-A,,The Film Theorists,"Don't miss a Film Theory! ‚ñ∫ http://bit.ly/1dI8VBH There is a LOT to cover about Spider-Man: No Way Home! So much, in fact, that we are going to be talking about three theories today. Yes,..."
When Trilinguals Can't Remember a Word,https://www.youtube.com/shorts/N7Sik4XEugg,,Loic Suberville,Thank you Vita App for Sponsoring this video! You can Download the app here: (https://vita.onelink.me/8u5N/736d96a2) #VITA #videoediting #howto
SZA - I Hate U (Visualizer),https://www.youtube.com/watch?v=xEAEDKzjQTY,,SZA,SZA ‚Äì ‚ÄúI Hate U‚Äù out now: https://smarturl.it/SZAIHateU CREDITS: Directed by Jack Begert Starring: LaKeith Stanfield Prod. Co: Psycho Films Producer: Sam Canter Co-Producer: Eric Hersey...
Most Expensive iPhone!,https://www.youtube.com/watch?v=qK_qK_UKu-Q,,Beast Reacts,"Starting at a $10,000 Xbox and going over $100,000,000 technology of the future! CHECK OUT THESE CHANNELS OR ELSE Marques Brownlee https://www.youtube.com/watch?v=JnGXTk57rOU https://www.youtube.c..."
Signing Off,https://www.youtube.com/watch?v=xDRKS7Dwt68,,Gloom,"I had a recent scare and instead of thinking ""how?"" I thought ""well it's probably because I don't take care of myself"". That epiphany is why I gotta do this. Thank you for everything and take..."
Stephen Hawking's 80th Birthday,https://www.youtube.com/watch?v=Isim0ysZ6X4,,GoogleDoodles,"Today‚Äôs video Doodle celebrates one of history‚Äôs most influential scientific minds, English cosmologist, author, and theoretical physicist Stephen Hawking. From colliding black holes to..."
"Ten years ago, I predicted 2022. Did I get it right?",https://www.youtube.com/watch?v=NYj3DnI81AQ,,Tom Scott,"Predicting the future is a fool's errand, but I tried it: talking about phones, lifelogging, and social changes. And on top of that: what do I think's coming in 2032? ‚ñ† Full original talk:..."
"Detective Who, What, When, Where, Why, and How",https://www.youtube.com/shorts/vlOYjCLmaeM,,Rich Black Guy,
Bel-Air | Official Trailer,https://www.youtube.com/watch?v=rQ1uG91Bbls,,Will Smith,"3 years ago, my guy Morgan Cooper uploaded his fan trailer to YouTube, showing how he envisioned the Fresh Prince as a drama. Now, here is the first full look at his retelling of the story..."
Roma vs. Juventus: Extended Highlights | Serie A | CBS Sports Golazo,https://www.youtube.com/watch?v=0USvpVKMU6Q,,CBS Sports Golazo,Two of the giants of Italian soccer square off as Jose Mourinho‚Äôs Roma faces Allegri‚Äôs Juventus in a classic battle for European qualification. Stream Serie A and more Italian club soccer...
How it is when you break up with a singer,https://www.youtube.com/watch?v=QgxKv9gzwt0,,RDCworld1,üòÇüòÇüòÇ now not a lot of us know how it would be breaking up with a singer but I imagine it would go something like this üòÇ Special thanks to Lauryn for the song and Helen for acting...
Why Would the US Army Purchase Russian Helicopters? #shorts,https://www.youtube.com/shorts/WV2p4OjIsyQ,,Not What You Think,Was the Russian Mi-17 so advanced that the US Army decided to buy 10s of them over the past decade? It's #NotWhatYouThink #NWYT #shorts Music: Choose Your Outfit - Colors of Illusion Footage:...
WARM UP // Episode 4 Cinematic - VALORANT,https://www.youtube.com/watch?v=OyLHi34Qzv4,,VALORANT,Downtime works a little differently when you‚Äôre at VALORANT HQ. Take a peek inside the training room and join us as we warm up for Episode 4: Disruption. Created in partnership with Blur...
Stephen Curry Responds to Fans on the Internet | Actually Me | GQ Sports,https://www.youtube.com/watch?v=OuOkS2tm89k,,GQ Sports,"On this episode of Actually Me, Stephen Curry goes undercover on the Internet and responds to real comments from fans on Twitter, Instagram, Quora, Wikipedia, Reddit, YouTube and TikTok. Is..."
Top 20 Betty White Moments,https://www.youtube.com/watch?v=_o83aMEBFQs,,MsMojo,"RIP Betty White! We'd scheduled this to publish on January 17th to commemorate her 100th birthday, but in light of her passing, we're publishing it today as a tribute! These Betty White moments..."
"'Cobra Kai' Cast Play ""I Dare You"" | Teen Vogue",https://www.youtube.com/watch?v=AZV2QLy1AfA,,Teen Vogue,"The cast of Netflix's 'Cobra Kai' play a hilarious game of ""I Dare You"" with their castmates. Peyton List, Tanner Buchanan, Xolo Maridue√±a, Mary Mouser, and Jacob Bertrand choose between ""truths""..."
Ralfy the Plug - The Truth Hurts (Shot By @LewisYouNasty),https://www.youtube.com/watch?v=DyT2xF6bIqE,,Ralfy The Plug,Ralfy The Plug - The Truth Hurts Shot & Directed by LewisYouNasty FOLLOW THE PLUG! INSTAGRAM: @ThePlugByRalfy Twitter: @RalfyTheP APPLE MUSIC: https://music.apple.com/us/artist/ralfy-the-plug/1...
25 FNAF Security Breach Easter Eggs,https://www.youtube.com/watch?v=eltZGridgi4,,T5G,25 Easter Eggs in FNAF SECURITY BREACH (Five Nights At Freddy's) Huge shoutout to FuhNaff for helping with this video (subscribe to him below) https://www.youtube.com/c/FuhNaff https://twitter.com...
A POLICE OFFICER BEAT ME AT SINGING üò∞ü§Ø #shorts,https://www.youtube.com/shorts/aoUzJEHDDBc,,Nathan Davis Jr,
When you steal from villagers in minecraft,https://www.youtube.com/shorts/ZUodQ6f81x4,,Greg Renko,"#Shorts You ever wonder what the Minecraft villagers think about us when we raid their houses? lol ---------------------------------------------------------------------------- Ask me questions,..."
NBA YoungBoy - Foolish Figure,https://www.youtube.com/watch?v=ERZJm1Bv6d8,,YoungBoy Never Broke Again,I say what I want I go where I want fuck these niggas I ain‚Äôt gone say too much love y‚Äôall
Doctor reacts to the man without a jaw! #shorts,https://www.youtube.com/shorts/kab8S3oE3rM,,Dr Karan,
We broke up,https://www.youtube.com/watch?v=UY5YSOm8Ixk,,OKbaby,
Gunna & Future - pushin P (feat. Young Thug) [Official Audio],https://www.youtube.com/watch?v=9g08kucPQtE,,Gunna,"The official audio for Gunna & Future's ""pushin P"" featuring Young Thug from his album 'DS4EVER' - Out Now! Stream 'DS4EVER' on all platforms: https://gunna.ffm.to/dripseason4 Subscribe: https://g..."
jackass forever | Final Trailer (2022 Movie),https://www.youtube.com/watch?v=p74bzf-beGc,,Paramount Pictures,the wait is over. it's finally time to grab your friends and laugh your asses off. watch the final trailer for #jackassforever - only in theatres february 4. Celebrating the joy of being back...
Nardwuar vs. Jack Harlow,https://www.youtube.com/watch?v=p8rBpvADP5o,,NardwuarServiette,"Nardwuar interviews Jack Harlow in Malibu, CA USA ! Doot doo ! https://www.twitch.tv/nardwuarserviette Nardwuar Twitter: http://www.twitter.com/nardwuar Nardwuar Instagram: https://www.instag..."
